{
  "backprop" : true,
  "backpropType" : "Standard",
  "cacheMode" : "NONE",
  "confs" : [ {
    "cacheMode" : "NONE",
    "iterationCount" : 0,
    "l1ByParam" : {
      "b" : 0.0,
      "W" : 0.0
    },
    "l2ByParam" : {
      "b" : 0.0,
      "W" : 0.005
    },
    "layer" : {
      "convolution" : {
        "activationFn" : {
          "ReLU" : { }
        },
        "adamMeanDecay" : "NaN",
        "adamVarDecay" : "NaN",
        "biasInit" : 0.0,
        "biasLearningRate" : 1.0E-4,
        "convolutionMode" : "Truncate",
        "cudnnAlgoMode" : "PREFER_FASTEST",
        "cudnnBwdDataAlgo" : null,
        "cudnnBwdFilterAlgo" : null,
        "cudnnFwdAlgo" : null,
        "dist" : null,
        "dropOut" : 0.0,
        "epsilon" : "NaN",
        "gradientNormalization" : "None",
        "gradientNormalizationThreshold" : 1.0,
        "iupdater" : {
          "@class" : "org.nd4j.linalg.learning.config.Nesterovs",
          "learningRate" : 1.0E-4,
          "momentum" : 0.9
        },
        "kernelSize" : [ 5, 5 ],
        "l1" : 0.0,
        "l1Bias" : 0.0,
        "l2" : 0.005,
        "l2Bias" : 0.0,
        "layerName" : "cnn1",
        "learningRate" : 1.0E-4,
        "learningRateSchedule" : null,
        "momentum" : 0.9,
        "momentumSchedule" : { },
        "nin" : 3,
        "nout" : 50,
        "padding" : [ 0, 0 ],
        "rho" : "NaN",
        "rmsDecay" : "NaN",
        "stride" : [ 1, 1 ],
        "updater" : "NESTEROVS",
        "weightInit" : "XAVIER"
      }
    },
    "leakyreluAlpha" : 0.0,
    "learningRateByParam" : {
      "b" : 1.0E-4,
      "W" : 1.0E-4
    },
    "learningRatePolicy" : "None",
    "lrPolicyDecayRate" : "NaN",
    "lrPolicyPower" : "NaN",
    "lrPolicySteps" : "NaN",
    "maxNumLineSearchIterations" : 5,
    "miniBatch" : true,
    "minimize" : true,
    "numIterations" : 1,
    "optimizationAlgo" : "STOCHASTIC_GRADIENT_DESCENT",
    "pretrain" : false,
    "seed" : 42,
    "stepFunction" : null,
    "useDropConnect" : false,
    "useRegularization" : false,
    "variables" : [ "W", "b" ]
  }, {
    "cacheMode" : "NONE",
    "iterationCount" : 0,
    "l1ByParam" : { },
    "l2ByParam" : { },
    "layer" : {
      "subsampling" : {
        "convolutionMode" : "Truncate",
        "dropOut" : 0.0,
        "eps" : 1.0E-8,
        "kernelSize" : [ 2, 2 ],
        "layerName" : "maxpool1",
        "padding" : [ 0, 0 ],
        "pnorm" : 0,
        "poolingType" : "MAX",
        "stride" : [ 2, 2 ]
      }
    },
    "leakyreluAlpha" : 0.0,
    "learningRateByParam" : { },
    "learningRatePolicy" : "None",
    "lrPolicyDecayRate" : "NaN",
    "lrPolicyPower" : "NaN",
    "lrPolicySteps" : "NaN",
    "maxNumLineSearchIterations" : 5,
    "miniBatch" : true,
    "minimize" : true,
    "numIterations" : 1,
    "optimizationAlgo" : "STOCHASTIC_GRADIENT_DESCENT",
    "pretrain" : false,
    "seed" : 42,
    "stepFunction" : null,
    "useDropConnect" : false,
    "useRegularization" : false,
    "variables" : [ ]
  }, {
    "cacheMode" : "NONE",
    "iterationCount" : 0,
    "l1ByParam" : {
      "b" : 0.0,
      "W" : 0.0
    },
    "l2ByParam" : {
      "b" : 0.0,
      "W" : 0.005
    },
    "layer" : {
      "convolution" : {
        "activationFn" : {
          "ReLU" : { }
        },
        "adamMeanDecay" : "NaN",
        "adamVarDecay" : "NaN",
        "biasInit" : 0.0,
        "biasLearningRate" : 1.0E-4,
        "convolutionMode" : "Truncate",
        "cudnnAlgoMode" : "PREFER_FASTEST",
        "cudnnBwdDataAlgo" : null,
        "cudnnBwdFilterAlgo" : null,
        "cudnnFwdAlgo" : null,
        "dist" : null,
        "dropOut" : 0.0,
        "epsilon" : "NaN",
        "gradientNormalization" : "None",
        "gradientNormalizationThreshold" : 1.0,
        "iupdater" : {
          "@class" : "org.nd4j.linalg.learning.config.Nesterovs",
          "learningRate" : 1.0E-4,
          "momentum" : 0.9
        },
        "kernelSize" : [ 5, 5 ],
        "l1" : 0.0,
        "l1Bias" : 0.0,
        "l2" : 0.005,
        "l2Bias" : 0.0,
        "layerName" : "cnn2",
        "learningRate" : 1.0E-4,
        "learningRateSchedule" : null,
        "momentum" : 0.9,
        "momentumSchedule" : { },
        "nin" : 50,
        "nout" : 100,
        "padding" : [ 1, 1 ],
        "rho" : "NaN",
        "rmsDecay" : "NaN",
        "stride" : [ 5, 5 ],
        "updater" : "NESTEROVS",
        "weightInit" : "XAVIER"
      }
    },
    "leakyreluAlpha" : 0.0,
    "learningRateByParam" : {
      "b" : 1.0E-4,
      "W" : 1.0E-4
    },
    "learningRatePolicy" : "None",
    "lrPolicyDecayRate" : "NaN",
    "lrPolicyPower" : "NaN",
    "lrPolicySteps" : "NaN",
    "maxNumLineSearchIterations" : 5,
    "miniBatch" : true,
    "minimize" : true,
    "numIterations" : 1,
    "optimizationAlgo" : "STOCHASTIC_GRADIENT_DESCENT",
    "pretrain" : false,
    "seed" : 42,
    "stepFunction" : null,
    "useDropConnect" : false,
    "useRegularization" : false,
    "variables" : [ "W", "b" ]
  }, {
    "cacheMode" : "NONE",
    "iterationCount" : 0,
    "l1ByParam" : { },
    "l2ByParam" : { },
    "layer" : {
      "subsampling" : {
        "convolutionMode" : "Truncate",
        "dropOut" : 0.0,
        "eps" : 1.0E-8,
        "kernelSize" : [ 2, 2 ],
        "layerName" : "maxool2",
        "padding" : [ 0, 0 ],
        "pnorm" : 0,
        "poolingType" : "MAX",
        "stride" : [ 2, 2 ]
      }
    },
    "leakyreluAlpha" : 0.0,
    "learningRateByParam" : { },
    "learningRatePolicy" : "None",
    "lrPolicyDecayRate" : "NaN",
    "lrPolicyPower" : "NaN",
    "lrPolicySteps" : "NaN",
    "maxNumLineSearchIterations" : 5,
    "miniBatch" : true,
    "minimize" : true,
    "numIterations" : 1,
    "optimizationAlgo" : "STOCHASTIC_GRADIENT_DESCENT",
    "pretrain" : false,
    "seed" : 42,
    "stepFunction" : null,
    "useDropConnect" : false,
    "useRegularization" : false,
    "variables" : [ ]
  }, {
    "cacheMode" : "NONE",
    "iterationCount" : 0,
    "l1ByParam" : {
      "b" : 0.0,
      "W" : 0.0
    },
    "l2ByParam" : {
      "b" : 0.0,
      "W" : 0.005
    },
    "layer" : {
      "dense" : {
        "activationFn" : {
          "ReLU" : { }
        },
        "adamMeanDecay" : "NaN",
        "adamVarDecay" : "NaN",
        "biasInit" : 0.0,
        "biasLearningRate" : 1.0E-4,
        "dist" : null,
        "dropOut" : 0.0,
        "epsilon" : "NaN",
        "gradientNormalization" : "None",
        "gradientNormalizationThreshold" : 1.0,
        "iupdater" : {
          "@class" : "org.nd4j.linalg.learning.config.Nesterovs",
          "learningRate" : 1.0E-4,
          "momentum" : 0.9
        },
        "l1" : 0.0,
        "l1Bias" : 0.0,
        "l2" : 0.005,
        "l2Bias" : 0.0,
        "layerName" : "layer4",
        "learningRate" : 1.0E-4,
        "learningRateSchedule" : null,
        "momentum" : 0.9,
        "momentumSchedule" : { },
        "nin" : 2500,
        "nout" : 500,
        "rho" : "NaN",
        "rmsDecay" : "NaN",
        "updater" : "NESTEROVS",
        "weightInit" : "XAVIER"
      }
    },
    "leakyreluAlpha" : 0.0,
    "learningRateByParam" : {
      "b" : 1.0E-4,
      "W" : 1.0E-4
    },
    "learningRatePolicy" : "None",
    "lrPolicyDecayRate" : "NaN",
    "lrPolicyPower" : "NaN",
    "lrPolicySteps" : "NaN",
    "maxNumLineSearchIterations" : 5,
    "miniBatch" : true,
    "minimize" : true,
    "numIterations" : 1,
    "optimizationAlgo" : "STOCHASTIC_GRADIENT_DESCENT",
    "pretrain" : false,
    "seed" : 42,
    "stepFunction" : null,
    "useDropConnect" : false,
    "useRegularization" : false,
    "variables" : [ "W", "b" ]
  }, {
    "cacheMode" : "NONE",
    "iterationCount" : 0,
    "l1ByParam" : {
      "b" : 0.0,
      "W" : 0.0
    },
    "l2ByParam" : {
      "b" : 0.0,
      "W" : 0.005
    },
    "layer" : {
      "output" : {
        "activationFn" : {
          "Softmax" : { }
        },
        "adamMeanDecay" : "NaN",
        "adamVarDecay" : "NaN",
        "biasInit" : 0.0,
        "biasLearningRate" : 1.0E-4,
        "dist" : null,
        "dropOut" : 0.0,
        "epsilon" : "NaN",
        "gradientNormalization" : "None",
        "gradientNormalizationThreshold" : 1.0,
        "iupdater" : {
          "@class" : "org.nd4j.linalg.learning.config.Nesterovs",
          "learningRate" : 1.0E-4,
          "momentum" : 0.9
        },
        "l1" : 0.0,
        "l1Bias" : 0.0,
        "l2" : 0.005,
        "l2Bias" : 0.0,
        "layerName" : "layer5",
        "learningRate" : 1.0E-4,
        "learningRateSchedule" : null,
        "lossFn" : {
          "NegativeLogLikelihood" : {
            "softmaxClipEps" : 1.0E-10
          }
        },
        "lossFunction" : "NEGATIVELOGLIKELIHOOD",
        "momentum" : 0.9,
        "momentumSchedule" : { },
        "nin" : 500,
        "nout" : 5,
        "rho" : "NaN",
        "rmsDecay" : "NaN",
        "updater" : "NESTEROVS",
        "weightInit" : "XAVIER"
      }
    },
    "leakyreluAlpha" : 0.0,
    "learningRateByParam" : {
      "b" : 1.0E-4,
      "W" : 1.0E-4
    },
    "learningRatePolicy" : "None",
    "lrPolicyDecayRate" : "NaN",
    "lrPolicyPower" : "NaN",
    "lrPolicySteps" : "NaN",
    "maxNumLineSearchIterations" : 5,
    "miniBatch" : true,
    "minimize" : true,
    "numIterations" : 1,
    "optimizationAlgo" : "STOCHASTIC_GRADIENT_DESCENT",
    "pretrain" : false,
    "seed" : 42,
    "stepFunction" : null,
    "useDropConnect" : false,
    "useRegularization" : false,
    "variables" : [ "W", "b" ]
  } ],
  "inferenceWorkspaceMode" : "SEPARATE",
  "inputPreProcessors" : {
    "4" : {
      "cnnToFeedForward" : {
        "inputHeight" : 5,
        "inputWidth" : 5,
        "numChannels" : 100
      }
    }
  },
  "iterationCount" : 75,
  "pretrain" : false,
  "tbpttBackLength" : 20,
  "tbpttFwdLength" : 20,
  "trainingWorkspaceMode" : "NONE"
}